name,address,price,comment
复兴老茶馆,'茶馆|黄龙溪',人均'￥12','145'条评价
云阙茶舍,'茶馆|东升镇',人均,'29'条评价
言茗茶,'茶馆|华阳',人均'￥67','67'条评价
南贝山茶(兴隆湖店),'茶馆|华阳',人均'￥94','50'条评价
天之毓茶社・正山堂,'茶馆|华阳',人均'￥49','42'条评价
爱琴海茶楼(万顺路保利叶语店),'茶馆|天府新区',人均'￥32','16'条评价
吾舍・无人茶室(蓝润店),'茶馆|天府新区',人均'￥45','44'条评价
圣和茶府(中德店),'茶馆|华阳',人均,'18'条评价
隐庐YIN LU,'茶馆|天府新区',人均'￥64','31'条评价
方乐,'茶馆|华阳',人均'￥315','16'条评价
映月华府茶楼,'茶馆|天府新区',人均'￥21','10'条评价
一己晓茶,'茶馆|双流机场',人均,'14'条评价
南贝山茶(麓坊店),'茶馆|华阳',人均,'16'条评价
三观塘茶府,'茶馆|华阳',人均,'40'条评价
凤岛小雅文化院,'茶馆|黄龙溪',人均,'10'条评价
蜀茗居茶楼,'茶馆|天府新区',人均,'10'条评价
彭镇老茶馆,'茶馆|双流区其他',人均,'591'条评价
芸溪茶舍,'茶馆|航空港',人均'￥66','21'条评价
9号咖啡会所・品茗・棋牌,'茶馆|天府新区',人均,条评价
积木茶府,'茶馆|华阳',人均'￥22','10'条评价
素池・茶叙居,'茶馆|东升镇',人均'￥46','37'条评价
八九月茶事,'茶馆|城南优品道广场',人均'￥35','24'条评价
观音阁百年老茶馆,'茶馆|双流区其他',人均,'248'条评价
圣露茶行(天府大道店),'茶馆|天府新区',人均'￥64','187'条评价
云烟・茶社,'茶馆|航空港',人均,'13'条评价
江安河盖碗茶社,'茶馆|航空港',人均,'2'条评价
粼鹭,'茶馆|华阳',人均,'17'条评价
漫花时间茶楼,'茶馆|航空港',人均,'36'条评价
御府茶缘(圣菲店),'茶馆|航空港',人均,'5'条评价
山里喝茶花礼器皿,'茶馆|中和',人均'￥39','21'条评价
柒悦坊,'茶馆|华阳',人均,'7'条评价
御府茶缘(中丝园店),'茶馆|华阳',人均,'4'条评价
润和堂茶舍,'茶馆|东升镇',人均,'13'条评价
蒙顶山茶赫山茶社,'茶馆|中和',人均,条评价
广宾大茶楼,'茶馆|东升镇',人均,'19'条评价
草木人茶府,'茶馆|华阳',人均,'13'条评价
水云间茶楼,'茶馆|中和',人均,'36'条评价
如是茶屋,'茶馆|华阳',人均,'9'条评价
锦蓉阁茶楼,'茶馆|蛟龙港/海滨城',人均,'24'条评价
壶光水色,'茶馆|华阳',人均'￥30','37'条评价
为今阁茶楼,'茶馆|华阳',人均,条评价
廊桥茶府,'茶馆|华阳',人均,'30'条评价
茗缘阁茶楼,'茶馆|中和',人均,'13'条评价
紫薇海茶舍,'茶馆|东升镇',人均,'2'条评价
聚友堂,'茶馆|天府新区',人均'￥26','10'条评价
俞昌号,'茶馆|华阳',人均,'9'条评价
中玉亿达,'茶馆|东升镇',人均,'14'条评价
港海茶楼,'茶馆|蛟龙港/海滨城',人均,'16'条评价
沧浪亭,'茶馆|天府新区',人均'￥77','45'条评价
海之韵茶府,'茶馆|天府新区',人均,条评价
龙润茶(天府店),'茶馆|华阳',人均,条评价
其香居茶馆,'茶馆|黄龙溪',人均'￥18','15'条评价
孟塘里茶舍,'茶馆|东升镇',人均,条评价
锦园茶舍,'茶馆|航空港',人均,'13'条评价
竹廷茶府,'茶馆|华阳',人均,条评价
宏韵逸香茶府,'茶馆|天府新区',人均'￥25','20'条评价
半缘茶楼,'茶馆|航空港',人均,条评价
介然茶府,'茶馆|华阳',人均,'3'条评价
大益茶体验馆(远大店),'茶馆|华阳',人均,'9'条评价
皇冠茶室,'茶馆|天府新区',人均,'20'条评价
清溪茶社,'茶馆|华阳',人均,'20'条评价
八马茶业(翰林公寓店),'茶馆|东升镇',人均,'7'条评价
后村功夫茶,'茶馆|城南优品道广场',人均,'6'条评价
赛仑吉地大酒店.吉普赛风情茶楼,'茶馆|蛟龙港/海滨城',人均,'15'条评价
逸间自助茶室(四河美高登店),'茶馆|华阳',人均,条评价
五福全茶馆,'茶馆|华阳',人均'￥27','14'条评价
南湖紫轩茶楼,'茶馆|天府新区',人均,'10'条评价
乐筹吧,'茶馆|天府新区',人均'￥24','12'条评价
尚饮茶楼,'茶馆|双流万达',人均,'8'条评价
山泉茶府,'茶馆|天府新区',人均,条评价
众茗阁茶楼,'茶馆|蛟龙港/海滨城',人均,'5'条评价
银港茶楼,'茶馆|航空港',人均,'4'条评价
逸都茶楼,'茶馆|四川大学江安校区',人均,条评价
和乐美休闲会所,'茶馆|天府新区',人均,'2'条评价
品艺茗都茶府,'茶馆|东升镇',人均,条评价
雅瓷(成都海滨城店),'茶馆|蛟龙港/海滨城',人均,条评价
颐和茶府,'茶馆|中和',人均,'3'条评价
沁云茶府,'茶馆|中和',人均,'6'条评价
兰梅老仓茶业,'茶馆|东升镇',人均'￥62','7'条评价
君尚阁茶府,'茶馆|华阳',人均,'6'条评价
峨眉雪芽・峨眉山高山林间茶,'茶馆|双流机场',人均,'6'条评价
静雅轩茶楼,'茶馆|航空港',人均,条评价
广都忆品,'茶馆|东升镇',人均,条评价
茗人茶楼,'茶馆|华阳',人均,'2'条评价
隆樾湾茶楼,'茶馆|城南优品道广场',人均,条评价
港湾茶坊,'茶馆|东升镇',人均,条评价
根据地茶楼,'茶馆|航空港',人均,'2'条评价
聚贤阁茶楼,'茶馆|航空港',人均,条评价
清心坊,'茶馆|东升镇',人均,'12'条评价
星光茶楼,'茶馆|东升镇',人均,'3'条评价
名人坊茶楼(城北中街店),'茶馆|东升镇',人均,'5'条评价
御阁茶府,'茶馆|蛟龙港/海滨城',人均,'5'条评价
空港茶府,'茶馆|航空港',人均,条评价
景和茶府(警官学院站金华一号店),'茶馆|天府新区',人均,条评价
茗雅居茶府,'茶馆|中和',人均,'4'条评价
天韵茶楼,'茶馆|华阳',人均,'4'条评价
1818茶社,'茶馆|航空港',人均,'2'条评价
棠湖茶缘,'茶馆|东升镇',人均,'2'条评价
先生茶府,'茶馆|东升镇',人均,'2'条评价
云熙茶府,'茶馆|华阳',人均,'4'条评价
玉壶茶坊,'茶馆|天府新区',人均,条评价
满座茶楼,'茶馆|东升镇',人均,'2'条评价
锦熹,'茶馆|华阳',人均,'2'条评价
悦海堂茶府,'茶馆|东升镇',人均,条评价
顺馨居茶楼,'茶馆|华阳',人均,'3'条评价
壹盏茗茶,'茶馆|华阳',人均,条评价
祥特茶楼,'茶馆|东升镇',人均,'3'条评价
茗都汇茶坊,'茶馆|天府新区',人均,'7'条评价
尚饮茶坊,'茶馆|华阳',人均,'2'条评价
锦鑫茶楼机麻,'茶馆|双流区其他',人均,条评价
勐巴拉御木阁,'茶馆|华阳',人均,条评价
茶故事茶楼,'茶馆|双流万达',人均,'3'条评价
尚合茶楼,'茶馆|双流万达',人均,'4'条评价
九禾茶楼,'茶馆|东升镇',人均,条评价
沁心茶楼(朝阳路店),'茶馆|中和',人均,'2'条评价
合枫茶楼,'茶馆|华阳',人均,'6'条评价
佳韵茶府,'茶馆|航空港',人均,'3'条评价
悦茗茶府(龙桥店),'茶馆|东升镇',人均,条评价
茗仁茶府,'茶馆|蛟龙港/海滨城',人均,条评价
龙润茶,'茶馆|东升镇',人均,'8'条评价
棠湖茶楼,'茶馆|航空港',人均,条评价
老茶新馆,'茶馆|华阳',人均,'4'条评价
泉颐茶楼,'茶馆|蛟龙港/海滨城',人均,条评价
澜香居,'茶馆|东升镇',人均,条评价
印象茶馆,'茶馆|航空港',人均,条评价
锦熹 花园茶,'茶馆|华阳',人均,'2'条评价
上善茶舍,'茶馆|中和',人均,'4'条评价
明诚堂茶馆(人防广场店),'茶馆|东升镇',人均,'7'条评价
熙和茶楼,'茶馆|东升镇',人均,'7'条评价
麻缘茶楼,'茶馆|华阳',人均,条评价
品鉴,'茶馆|天府新区',人均,'5'条评价
紫薇茶楼(锦绣华都路店),'茶馆|东升镇',人均,'2'条评价
闲德轩,'茶馆|中和',人均,'7'条评价
御都茶府,'茶馆|东升镇',人均,条评价
水天一色茶艺会所,'茶馆|华阳',人均,'3'条评价
跨界茶府,'茶馆|华阳',人均,条评价
阳光茶府(楠域丽景东北店),'茶馆|华阳',人均,'4'条评价
老地方茶馆,'茶馆|双流区其他',人均,条评价
水木茶府,'茶馆|华阳',人均,'3'条评价
鑫富之源茶楼,'茶馆|东升镇',人均,'4'条评价
清雅茶坊,'茶馆|双流区其他',人均,'5'条评价
清雅轩茶坊,'茶馆|东升镇',人均,'3'条评价
锦绣缘茶楼,'茶馆|东升镇',人均,'3'条评价
单钩单线,'茶馆|天府新区',人均,'9'条评价
蜀镇大茶楼,'茶馆|双流区其他',人均,'4'条评价
千里之外茶楼,'茶馆|天府新区',人均,条评价
龙渡茶楼,'茶馆|蛟龙港/海滨城',人均,'2'条评价
虹N茶府,'茶馆|东升镇',人均,条评价
菩然茶府,'茶馆|中和',人均,条评价
麓上春茗茶府,'茶馆|天府新区',人均,条评价
麓和汇,'茶馆|华阳',人均,条评价
古m仙馆,'茶馆|航空港',人均,条评价
吴姐茶铺,'茶馆|东升镇',人均,条评价
御都茶府(东寺北二路店),'茶馆|天府新区',人均,条评价
大圣茶楼(乐奕二店),'茶馆|华阳',人均,条评价
双流超女茶铺,'茶馆|东升镇',人均,条评价
聚贤茶f,'茶馆|中和',人均,条评价
橡树茶楼,'茶馆|航空港',人均,'6'条评价
天艺茶楼,'茶馆|东升镇',人均,条评价
君悦茶府,'茶馆|城南优品道广场',人均,条评价
小康茶坊,'茶馆|东升镇',人均,条评价
鑫中茶都,'茶馆|华阳',人均,条评价
御庭阁茶府,'茶馆|中和',人均,'4'条评价
石竹轩(棠湖北路店),'茶馆|东升镇',人均,条评价
竹雨轩茶楼,'茶馆|天府新区',人均,'3'条评价
枫月茶庄,'茶馆|天府新区',人均,条评价
正通茶府,'茶馆|东升镇',人均,条评价
万豪商务茶楼,'茶馆|东升镇',人均,条评价
晓红茶楼(正北中街店),'茶馆|华阳',人均,条评价
林语茶府,'茶馆|双流万达',人均,条评价
清怡阁茶楼,'茶馆|航空港',人均,条评价
水调歌头茶坊(正大街店),'茶馆|华阳',人均,条评价
鸿运茶楼,'茶馆|东升镇',人均,'2'条评价
清怡阁茶楼(临港路店),'茶馆|航空港',人均,条评价
印象茶楼,'茶馆|航空港',人均,'7'条评价
聚缘茶楼(空港四路店),'茶馆|四川现代职业学院',人均,条评价
广场茶坊,'茶馆|东升镇',人均,'2'条评价
牧春茶楼,'茶馆|华阳',人均,条评价
茗欣缘茶府,'茶馆|天府新区',人均,条评价
祥瑞茶府,'茶馆|奥特莱斯',人均,条评价
古邦茶坊,'茶馆|中和',人均,条评价
听雨阁茶楼,'茶馆|中和',人均,条评价
麓友茶馆,'茶馆|华阳',人均,条评价
颐悦茶坊,'茶馆|华阳',人均,条评价
老爷茶楼,'茶馆|航空港',人均,'2'条评价
御尚茗品茶府,'茶馆|双流万达',人均,条评价
心怡茶坊(新富街),'茶馆|川师大菊园一条路',人均,条评价
君临茶楼,'茶馆|中和',人均,条评价
YI立方,'茶馆|华阳',人均,条评价
四方阁茶楼,'茶馆|华阳',人均,条评价
贤德源茶府,'茶馆|天府新区',人均,条评价
顶尚村茶楼,'茶馆|航空港',人均,条评价
王姐茶坊,'茶馆|双流区其他',人均,条评价
湖畔茶坊,'茶馆|华阳',人均,条评价
贡噶雍卓林卡,'茶馆|东升镇',人均,条评价
港府茶楼,'茶馆|华阳',人均,'4'条评价
仟亿茶府(三都汇店),'茶馆|天府新区',人均,'5'条评价
茶语和茶楼,'茶馆|天府新区',人均,'3'条评价
双流区清云轩茶坊,'茶馆|航空港',人均,'3'条评价
浅瓯茶隅,'茶馆|天府新区',人均,'9'条评价
正山堂(西博城分店),'茶馆|华阳',人均,条评价
银河谷茶楼,'茶馆|东升镇',人均,'16'条评价
闽园问茶茶艺馆,'茶馆|天府新区',人均'￥55','7'条评价
怡茶府,'茶馆|华阳',人均,'4'条评价
海滨茶楼,'茶馆|蛟龙港/海滨城',人均,'3'条评价
麓府茶轩,'茶馆|华阳',人均,条评价
左岸茶舍,'茶馆|天府新区',人均,'3'条评价
南湖时光,'茶馆|天府新区',人均,'2'条评价
玉麒麟茶府,'茶馆|华阳',人均,'5'条评价
柳春来茶馆,'茶馆|双流区其他',人均,'4'条评价
尚锦茶府,'茶馆|天府新区',人均,'7'条评价
茗伦茶楼,'茶馆|天府新区',人均,条评价
天悦茶府,'茶馆|天府新区',人均,'3'条评价
君悦茗雅,'茶馆|华阳',人均,'7'条评价
云雾茶府,'茶馆|华阳',人均,条评价
惬意天府茶社,'茶馆|华阳',人均,条评价
青沐茶楼,'茶馆|益州国际广场',人均,'2'条评价
大宅院茶府,'茶馆|华阳',人均,'5'条评价
慕缘堂茶楼,'茶馆|天府新区',人均,条评价
红顶茗缘,'茶馆|华阳',人均,'2'条评价
非常道茶府(天府店),'茶馆|天府新区',人均,'4'条评价
快乐之家,'茶馆|天府新区',人均,'6'条评价
听雨楼茶府,'茶馆|华阳',人均,'2'条评价
九合商务茶楼,'茶馆|天府新区',人均,'3'条评价
紫馨阁茶楼,'茶馆|中和',人均'￥12','7'条评价
鑫港湾茶府,'茶馆|华阳',人均,'7'条评价
茗鼎茶楼(和平路店),'茶馆|天府新区',人均,条评价
陋隐茶舍,'茶馆|华阳',人均,条评价
丽园茶府(龙腾苑店),'茶馆|华阳',人均,条评价
云庭茶楼,'茶馆|双流机场',人均,条评价
南湖茶府,'茶馆|天府新区',人均,条评价
金鼎茶楼,'茶馆|天府新区',人均,'9'条评价
清雅阁茶楼,'茶馆|东升镇',人均,条评价
喜悦茶坊,'茶馆|华阳',人均,条评价
海天阁茶府,'茶馆|天府新区',人均,'7'条评价
府河茶都,'茶馆|天府新区',人均,'8'条评价
和逸茶楼,'茶馆|天府新区',人均,条评价
自在茶坊,'茶馆|天府新区',人均,条评价
理想国茶,'茶馆|天府新区',人均,'3'条评价
翔泰茶楼,'茶馆|天府新区',人均,'2'条评价
聚韵阁茶楼,'茶馆|中和',人均,条评价
逸品善道,'茶馆|华阳',人均,条评价
静舍.茶,'茶馆|东升镇',人均,条评价
普皇茶庄,'茶馆|华阳',人均,条评价
茗道茶府,'茶馆|天府新区',人均,条评价
宽和茶府,'茶馆|华阳',人均,条评价
辰光茶坊,'茶馆|东升镇',人均,条评价
天茗阁茶坊,'茶馆|华阳',人均,条评价
茶欣根据地茶楼,'茶馆|华阳',人均,条评价
润馨茶楼,'茶馆|天府新区',人均,条评价
南屏茶府,'茶馆|华阳',人均,条评价
金兰茶府,'茶馆|中和',人均,'3'条评价
茗都茶楼,'茶馆|城南优品道广场',人均,'3'条评价
朝福湾茶馆,'茶馆|天府新区',人均,'5'条评价
麓兰茶苑,'茶馆|华阳',人均,'7'条评价
尚林茶楼,'茶馆|天府新区',人均,'3'条评价
宏韵茶坊,'茶馆|华阳',人均,条评价
一壶清茶,'茶馆|中和',人均,'5'条评价
槿汐茶坊,'茶馆|华阳',人均,条评价
戈二茶社,'茶馆|天府新区',人均,条评价
小茶府,'茶馆|双流区其他',人均,条评价
MBV(南湖公园店),'茶馆|华阳',人均,'3'条评价
圣祥源茶坊,'茶馆|东升镇',人均,条评价
威尔仕茶坊,'茶馆|城南优品道广场',人均,'3'条评价
梅之锦庐茶府,'茶馆|航空港',人均,条评价
景歆阁茶府,'茶馆|中和',人均,条评价
十一号茶府,'茶馆|航空港',人均,条评价
中国现代五项赛事中心-商务中心,'茶馆|华阳',人均,'5'条评价
德胜茶府,'茶馆|航空港',人均,条评价
荣州茗府茶楼(观东三街店),'茶馆|华阳',人均,条评价
水岸阳光茶坊,'茶馆|天府新区',人均,'4'条评价
欧香茶坊,'茶馆|天府新区',人均,条评价
怡心茶府,'茶馆|华阳',人均,条评价
蜀都相府茶楼,'茶馆|华阳',人均,条评价
恒福茶楼,'茶馆|天府新区',人均,'3'条评价
欣源茶府,'茶馆|天府新区',人均,'2'条评价
壹品居茶楼,'茶馆|天府新区',人均,条评价
雅昀茶府,'茶馆|天府新区',人均,条评价
茗都汇(老成仁路店),'茶馆|中和',人均,条评价
银泰茶楼,'茶馆|双流机场',人均,条评价
水月轩茶楼,'茶馆|天府新区',人均,条评价
半日闲茶府,'茶馆|天府新区',人均,条评价
艺林茶楼,'茶馆|中和',人均,'2'条评价
茶吾田舍,'茶馆|华阳',人均,条评价
欣睿茶楼,'茶馆|华阳',人均,条评价
五城四维茶楼,'茶馆|双流区其他',人均,条评价
清和印象,'茶馆|华阳',人均,条评价
欣源茶府,'茶馆|天府新区',人均,条评价
金壶春茶楼,'茶馆|航空港',人均,条评价
都市茶语休闲会所,'茶馆|华阳',人均,条评价
三径茶坊,'茶馆|华阳',人均,条评价
汇品轩茶府,'茶馆|中和',人均,条评价
缘起茶府,'茶馆|航空港',人均,条评价
广汇茶府,'茶馆|华阳',人均,条评价
茗飘香,'茶馆|黄龙溪',人均,条评价
三都茶坊,'茶馆|东升镇',人均,条评价
轩语茶府,'茶馆|天府新区',人均,条评价
茗泉居茶楼,'茶馆|航空港',人均,'3'条评价
茗轩茶庄,'茶馆|航空港',人均,条评价
祥和之韵民俗休闲茶楼,'茶馆|华阳',人均,条评价
一壶天下茶,'茶馆|双流机场',人均,条评价
锦镇,'茶馆|东升镇',人均,'2'条评价
家益欣城茗都茶坊,'茶馆|天府新区',人均,'2'条评价
御茗轩茶府,'茶馆|航空港',人均,条评价
阳光茶府(天研路店),'茶馆|天府新区',人均,条评价
雅沐茶坊,'茶馆|华阳',人均,条评价
观澜茶府,'茶馆|华阳',人均,条评价
龙祥茶府,'茶馆|中和',人均,条评价
燕楠茶府,'茶馆|双流区其他',人均,条评价
笑笑茶坊,'茶馆|天府新区',人均,'2'条评价
叶茂贞,'茶馆|天府新区',人均,'5'条评价
满庭家宴,'茶馆|双流区其他',人均,'4'条评价
八马茶业(中海天府环宇坊店),'茶馆|华阳',人均,条评价
蓉和茶楼,'茶馆|中和',人均,条评价
逸花园茶府,'茶馆|华阳',人均,'2'条评价
仙踪林茶府,'茶馆|华阳',人均,条评价
翠屿茶坊,'茶馆|华阳',人均,条评价
爱心麻将茶语简餐,'茶馆|华阳',人均,条评价
金桥茶楼,'茶馆|双流机场',人均,条评价
隐庐居茶坊,'茶馆|航空港',人均,条评价
菊梦茶楼,'茶馆|东升镇',人均,条评价
汇华轩茶府,'茶馆|华阳',人均,条评价
龙川大茶楼,'茶馆|东升镇',人均,条评价
茗江茶人,'茶馆|天府新区',人均,'2'条评价
鑫荷轩茶府,'茶馆|东升镇',人均,'3'条评价
水立坊茶楼,'茶馆|东升镇',人均,'2'条评价
陆羽茶室,'茶馆|东升镇',人均,条评价
聚龙阁茶楼,'茶馆|黄龙溪',人均,条评价
小昭茶舍,'茶馆|东升镇',人均,条评价
机麻茶铺,'茶馆|双流机场',人均,条评价
科森茶府,'茶馆|天府新区',人均,'3'条评价
锦绣茶府,'茶馆|双流机场',人均,'2'条评价
瑞福源茶楼,'茶馆|天府新区',人均'￥21','9'条评价
朋园鱼庄,'茶馆|华阳',人均,'5'条评价
南苑茶坊,'茶馆|航空港',人均,条评价
金鑫苑,'茶馆|华阳',人均,条评价
雅集茶阁,'茶馆|华阳',人均,条评价
保水阁茶府,'茶馆|华阳',人均,条评价
鑫鸿居茶楼,'茶馆|天府新区',人均,条评价
聚兴茶坊,'茶馆|益州国际广场',人均,条评价
水云阁茶楼,'茶馆|东升镇',人均,'6'条评价
姐妹茶铺,'茶馆|航空港',人均,条评价
聚友汇茶楼,'茶馆|中和',人均,条评价
御府茶缘(韩国城店),'茶馆|航空港',人均,条评价
八马茶业(天府新区山姆店),'茶馆|华阳',人均,条评价
敏岚茶坊,'茶馆|华阳',人均,条评价
聚鑫茶府,'茶馆|双流区其他',人均,条评价
大闲茶楼,'茶馆|中和',人均,'9'条评价
润怡轩茶舍,'茶馆|华阳',人均,条评价
瓦舍茶馆,'茶馆|华阳',人均,条评价
蜀淮楼茶坊,'茶馆|华阳',人均,条评价
尚品茶府,'茶馆|戛纳湾',人均,条评价
竹涛茶楼,'茶馆|四川现代职业学院',人均,条评价
清水阁茶楼,'茶馆|华阳',人均,条评价
千禧茶楼(文星正街店),'茶馆|四川大学江安校区',人均,条评价
鸿信茶府,'茶馆|华阳',人均,条评价
红秀茶楼,'茶馆|红牌楼',人均,条评价
一方茶水,'茶馆|中和',人均,条评价
老茶馆(协和上街店),'茶馆|天府新区',人均,条评价
智趣园,'茶馆|中和',人均,条评价
地暖茶府,'茶馆|奥特莱斯',人均,条评价
聚友茶楼,'茶馆|四川大学江安校区',人均,条评价
阳光茶楼,'茶馆|华阳',人均,条评价
鑫朋茶楼,'茶馆|东升镇',人均,条评价
棕榈阁茶楼,'茶馆|天府新区',人均,条评价
虹樾茶府,'茶馆|华阳',人均,条评价
玺悦茶坊,'茶馆|东升镇',人均,条评价
双流宽座茶艺,'茶馆|东升镇',人均,条评价
百玉茶庄,'茶馆|双流机场',人均,条评价
骊锦茶府,'茶馆|双流机场',人均,条评价
三弟公寓茶坊,'茶馆|益州国际广场',人均,条评价
百草@茶楼,'茶馆|中和',人均,条评价
鸿运茶楼(双桂南路店),'茶馆|东升镇',人均,条评价
聚福茶坊,'茶馆|川师大菊园一条路',人均,条评价
众和轩茶府,'茶馆|东升镇',人均,条评价
正林茶坊,'茶馆|华阳',人均,条评价
尚御茶府,'茶馆|双流机场',人均,条评价
嘉木阁茶楼,'茶馆|东升镇',人均,'3'条评价
春来茶楼,'茶馆|东升镇',人均,条评价
中和茶府,'茶馆|中和',人均,条评价
匠心川卤茶坊,'茶馆|华阳',人均,条评价
好安逸茶楼,'茶馆|航空港',人均,条评价
开心茶园,'茶馆|双流区其他',人均,条评价
雅鑫茶坊,'茶馆|华阳',人均,条评价
融投茶舍,'茶馆|东升镇',人均,条评价
悠然・兰庭茶府,'茶馆|中和',人均,条评价
清一色茶楼,'茶馆|航空港',人均,条评价
广福茶园,'茶馆|天府新区',人均,条评价
塞纳蔚茶府,'茶馆|东升镇',人均,条评价
蓝天茶府,'茶馆|四川现代职业学院',人均,条评价
御港茶府,'茶馆|东升镇',人均,条评价
姐妹茶坊,'茶馆|益州国际广场',人均,条评价
茶聚汇茶府,'茶馆|华阳',人均,条评价
板桥茶府,'茶馆|东升镇',人均,条评价
贤乐轩,'茶馆|东升镇',人均,条评价
明友茶馆,'茶馆|黄龙溪',人均,条评价
众品茶楼,'茶馆|航空港',人均,条评价
红亭飘香,'茶馆|中和',人均,'6'条评价
常乐茶铺,'茶馆|双流机场',人均,条评价
润雅轩茶坊,'茶馆|华阳',人均,条评价
空港八十八茶楼,'茶馆|双流机场',人均,条评价
望江苑茶府,'茶馆|天府新区',人均,'2'条评价
159号茶府,'茶馆|东升镇',人均,条评价
逸仙园茶府,'茶馆|华阳',人均,条评价
影城茶楼,'茶馆|华阳',人均,条评价
月茗阁茶府,'茶馆|双流区其他',人均,'2'条评价
海茵斯茶坊,'茶馆|天府新区',人均,条评价
中和茶@,'茶馆|中和',人均,'3'条评价
天然居茶府,'茶馆|双流区其他',人均,条评价
港庭茶府,'茶馆|航空港',人均,条评价
钱运茶楼,'茶馆|双流机场',人均,条评价
L茶楼,'茶馆|华阳',人均,条评价
聚友茶房,'茶馆|城南优品道广场',人均,条评价
蓉城茶府,'茶馆|航空港',人均,条评价
广和生态茶楼,'茶馆|双流机场',人均,条评价
妮格格个人工作室茶室,'茶馆|天府新区',人均,条评价
蜀阳茶坊,'茶馆|华阳',人均,条评价
欧城茶楼,'茶馆|东升镇',人均,条评价
一品茶楼,'茶馆|东升镇',人均,条评价
开心茶坊,'茶馆|华阳',人均,'2'条评价
麓峰茶坊,'茶馆|华阳',人均,条评价
茗悦茶都,'茶馆|华阳',人均,'3'条评价
老地方茶楼,'茶馆|东升镇',人均,条评价
清芷茶舍,'茶馆|东升镇',人均,条评价
三茶路口,'茶馆|东升镇',人均,条评价
芳缘茶楼,'茶馆|东升镇',人均,条评价
嗨喽酒店咖啡茶馆,'茶馆|东升镇',人均,条评价
茗香源茶楼,'茶馆|双流万达',人均,条评价
分享茶府,'茶馆|航空港',人均,条评价
好客茶楼,'茶馆|城南优品道广场',人均,条评价
如意茶坊,'茶馆|天府新区',人均,条评价
楠岸茶坊,'茶馆|东升镇',人均,条评价
皓天茶府,'茶馆|奥特莱斯',人均,'2'条评价
苑茶,'茶馆|东升镇',人均,条评价
星四合院茶楼,'茶馆|东升镇',人均,条评价
郡和林茶艺馆,'茶馆|东升镇',人均,条评价
凤凰蜀韵紫陶茶艺,'茶馆|华阳',人均,'2'条评价
成都龙舍茶文化传播有限公司,'茶馆|东升镇',人均,条评价
阳光茶楼,'茶馆|蛟龙港/海滨城',人均,条评价
上官茶府,'茶馆|航空港',人均,条评价
白果林茶楼,'茶馆|东升镇',人均,条评价
老地方茶庄饭馆,'茶馆|天府新区',人均,条评价
光茶楼(中柏大道店),'茶馆|中和',人均,条评价
同乐茶坊,'茶馆|双流区其他',人均,条评价
港谊茶楼,'茶馆|四川大学江安校区',人均,'3'条评价
南阳茶坊(广都上街店),'茶馆|华阳',人均,条评价
天府茶坊,'茶馆|中和',人均,条评价
顺龙茶楼,'茶馆|蛟龙港/海滨城',人均,条评价
春夏秋冬茶楼,'茶馆|华阳',人均,'2'条评价
杠上花茶坊,'茶馆|航空港',人均,条评价
聚缘堂茶府,'茶馆|华阳',人均,条评价
谦谦予阅茶业,'茶馆|华阳',人均,条评价
ltssd茶楼,'茶馆|双流机场',人均,条评价
禅悦茶府,'茶馆|东升镇',人均,'5'条评价
誉府茶楼,'茶馆|东升镇',人均,条评价
和韵茶坊,'茶馆|华阳',人均,条评价
素若茶空间,'茶馆|东升镇',人均,条评价
逸锦阁茶府,'茶馆|天府新区',人均,条评价
兰亭茶坊(府滨北路店),'茶馆|中和',人均,条评价
宜心茶楼,'茶馆|东升镇',人均,条评价
喜悦茶坊,'茶馆|华阳',人均,'2'条评价
谊合茶楼,'茶馆|天府新区',人均,条评价
兄弟茶楼(西航港新街店),'茶馆|四川大学江安校区',人均,条评价
天颐轩茶楼,'茶馆|双流区其他',人均,条评价
东方休闲茶楼,'茶馆|东升镇',人均,'2'条评价
名人坊茶楼(双流广场店),'茶馆|东升镇',人均,条评价
意苑茶坊,'茶馆|中和',人均,条评价
香楠湖茶楼,'茶馆|东升镇',人均,条评价
顺怡茶坊,'茶馆|益州国际广场',人均,条评价
天天乐茶楼,'茶馆|益州国际广场',人均,'2'条评价
印象茶舍,'茶馆|华阳',人均,条评价
鸿运茶楼,'茶馆|华阳',人均,条评价
老茶馆凉糕(黄龙溪店),'茶馆|黄龙溪',人均,条评价
三生阁茶楼,'茶馆|天府新区',人均,条评价
海棠阁茶府,'茶馆|东升镇',人均,条评价
上岛茶楼,'茶馆|航空港',人均,条评价
四季苑,'茶馆|双流区其他',人均,条评价
满庭芳茶艺馆,'茶馆|华阳',人均,条评价
森和茶艺,'茶馆|双流区其他',人均,条评价
红园茶楼,'茶馆|天府新区',人均,条评价
雅兰茶韵,'茶馆|天府新区',人均,条评价
大轮胎茶楼,'茶馆|双流万达',人均'￥40','8'条评价
鑫玺茶楼,'茶馆|双流区其他',人均,条评价
上锦茶府,'茶馆|中和',人均,条评价
茗鼎茶空间,'茶馆|东升镇',人均,条评价
jj茶坊,'茶馆|天府新区',人均,条评价
隔壁子茶楼,'茶馆|华阳',人均,条评价
锦湖轩茶楼,'茶馆|东升镇',人均,条评价
十里亭茶楼,'茶馆|东升镇',人均,条评价
壹界茶咖,'茶馆|天府新区',人均,条评价
哥茶楼,'茶馆|华阳',人均,条评价
蓉和茶坊,'茶馆|华阳',人均,条评价
泊尔曼酒店茶楼,'茶馆|华阳',人均,条评价
喜玛茶楼,'茶馆|双流区其他',人均,'4'条评价
雅韵茗轩,'茶馆|天府新区',人均,'2'条评价
怡馨茶舍(德商华府天骄店),'茶馆|天府新区',人均,'9'条评价
田心园茶叶,'茶馆|东升镇',人均,'4'条评价
一品阁,'茶馆|华阳',人均,条评价
茗雅茶楼,'茶馆|航空港',人均,条评价
出水芙蓉茶楼,'茶馆|华阳',人均,'2'条评价
中和茶楼,'茶馆|中和',人均,条评价
路友茶楼,'茶馆|华阳',人均,条评价
奇悦茶楼,'茶馆|东升镇',人均,条评价
沁园春茶楼(王府街店),'茶馆|东升镇',人均,条评价
茶马古道(安公路三段店),'茶馆|华阳',人均,条评价
茶茗香人家,'茶馆|中和',人均,'6'条评价
鑫亿阳光休闲茶府,'茶馆|航空港',人均,'2'条评价
新港茶楼(公济桥路店),'茶馆|中和',人均,条评价
叁缘肆喜,'茶馆|东升镇',人均,条评价
红盖碗茶楼,'茶馆|东升镇',人均,条评价
茗锦茶府,'茶馆|东升镇',人均,条评价
四季春天茶楼,'茶馆|天府新区',人均,条评价
青年派茶府,'茶馆|中和',人均,条评价
缘茗园,'茶馆|航空港',人均,条评价
新怡茶府,'茶馆|双流区其他',人均,条评价
品雅阁茶府,'茶馆|航空港',人均,条评价
雅居茶楼,'茶馆|天府新区',人均,条评价
279茶府,'茶馆|华阳',人均,条评价
郑记锦诚茶府,'茶馆|城南优品道广场',人均,条评价
尚・饮,'茶馆|华阳',人均,条评价
亚朵酒店-茶楼,'茶馆|中和',人均,条评价
嘉园荷茶楼,'茶馆|华阳',人均,条评价
姐妹茶坊,'茶馆|天府新区',人均,'2'条评价
河边茶铺,'茶馆|中和',人均,条评价
开心茶楼(西航港大道中四段店),'茶馆|四川现代职业学院',人均,条评价
王胖子茶坊,'茶馆|东升镇',人均,条评价
凯晶茶府,'茶馆|益州国际广场',人均,条评价
顺风茶楼,'茶馆|航空港',人均,'2'条评价
浪淘沙茶楼,'茶馆|华阳',人均,条评价
聚贤茶庄,'茶馆|华阳',人均,'2'条评价
盛世茶楼,'茶馆|四川大学江安校区',人均,条评价
祥瑞茶楼,'茶馆|东升镇',人均,条评价
晴雪茶楼,'茶馆|东升镇',人均,条评价
堇荼小舍茶空间,'茶馆|华阳',人均,条评价
欣雅茶楼,'茶馆|蛟龙港/海滨城',人均,条评价
铜壶茶铺,'茶馆|东升镇',人均,条评价
鸿运大茶楼,'茶馆|双流区其他',人均,条评价
宜心园茶楼,'茶馆|东升镇',人均,条评价
水壹号茶府,'茶馆|华阳',人均,条评价
胜友茶楼,'茶馆|东升镇',人均,条评价
茗福缘茶楼,'茶馆|东升镇',人均,条评价
红豆杉茶楼(兴隆湖店),'茶馆|华阳',人均,条评价
南山茶楼,'茶馆|城南优品道广场',人均,条评价
芳圆茶茗,'茶馆|天府新区',人均,条评价
秦姐茶坊,'茶馆|华阳',人均,条评价
谷也茶室,'茶馆|蛟龙港/海滨城',人均,条评价
品轩茶楼,'茶馆|双流万达',人均,条评价
苏码头茶坊,'茶馆|华阳',人均,条评价
阳光休闲茶坊,'茶馆|航空港',人均,条评价
二姐茶坊,'茶馆|华阳',人均,条评价
虿,'茶馆|天府新区',人均,条评价
姐妹茶馆,'茶馆|双流区其他',人均,条评价
杠精茶楼,'茶馆|双流机场',人均,条评价
青山茶坊,'茶馆|双流区其他',人均,条评价
明珠花园茶府,'茶馆|东升镇',人均,条评价
聚缘茶府,'茶馆|华阳',人均,条评价
兄弟茶府,'茶馆|城南优品道广场',人均,条评价
紫运轩,'茶馆|华阳',人均,条评价
名雅茶府,'茶馆|双流万达',人均,条评价
小师妹花园茶楼,'茶馆|航空港',人均,条评价
千禧茶缘,'茶馆|航空港',人均,条评价
壹间茶坊,'茶馆|城南优品道广场',人均,条评价
星辰茶坊,'茶馆|航空港',人均,条评价
牛牛茶坊,'茶馆|华阳',人均,条评价
铭源茶楼,'茶馆|东升镇',人均,条评价
归茶R,'茶馆|航空港',人均,条评价
张二姐友谊茶坊,'茶馆|黄龙溪',人均,条评价
楠湖轩茶楼,'茶馆|东升镇',人均,条评价
迎宾茶坊,'茶馆|东升镇',人均,条评价
天天乐茶园,'茶馆|东升镇',人均,条评价
薇薇茶坊,'茶馆|华阳',人均,条评价
小茶窝,'茶馆|天府新区',人均,条评价
龙哥茶坊,'茶馆|中和',人均,条评价
川港国际酒店-茶府,'茶馆|双流机场',人均,条评价
怡乐苑,'茶馆|航空港',人均,条评价
龙湖茶坊(腾飞八路),'茶馆|四川现代职业学院',人均,条评价
聚缘茶府,'茶馆|四川大学江安校区',人均,条评价
尚品源茶楼(涧槽南街店),'茶馆|东升镇',人均,条评价
尚品茶楼,'茶馆|东升镇',人均,条评价
紫云轩茶馆,'茶馆|华阳',人均,条评价
金喜酒店茶楼,'茶馆|奥特莱斯',人均,'7'条评价
天府茶楼(藕塘新街店),'茶馆|华阳',人均,条评价
友谊茶坊,'茶馆|华阳',人均,条评价
老赵茶铺,'茶馆|华阳',人均,条评价
紫丁香茶楼(藕塘新街店),'茶馆|华阳',人均,条评价
东道茶馆,'茶馆|双流区其他',人均,'2'条评价
亲情缘茶楼,'茶馆|华阳',人均,条评价
老茶馆,'茶馆|中和',人均,条评价
水间(希望路店),'茶馆|双流机场',人均,条评价
品尚茶楼,'茶馆|双流机场',人均,条评价
荣华茶楼,'茶馆|双流区其他',人均,条评价
柑秸源露天茶房,'茶馆|东升镇',人均,条评价
众和茶铺,'茶馆|东升镇',人均,条评价
百姓茶馆(相君街店),'茶馆|黄龙溪',人均,条评价
沐茶,'茶馆|华阳',人均,'3'条评价
旺角商务公寓,'茶馆|双流机场',人均,条评价
飘香楼,'茶馆|黄龙溪',人均,条评价
怡丰168茶坊,'茶馆|中和',人均,条评价
茗香阁(清泰路一段店),'茶馆|东升镇',人均,条评价
阳光休闲茶楼,'茶馆|双流机场',人均,条评价
风驰茶府,'茶馆|华阳',人均,条评价
闲逸茶苑,'茶馆|双流机场',人均,条评价
四面八方茶庄,'茶馆|华阳',人均,条评价
百茶亭,'茶馆|天府新区',人均,'6'条评价
宏茗阁茶府(佳兆业店),'茶馆|东升镇',人均,条评价
春天茶楼,'茶馆|双流机场',人均,条评价
好运来茶苑,'茶馆|华阳',人均,条评价
陶然居茶坊,'茶馆|东升镇',人均,条评价
上嘉休闲茶坊,'茶馆|东升镇',人均,条评价
四川印象盖碗茶,'茶馆|双流区其他',人均,条评价
听雨,'茶馆|华阳',人均,条评价
婷姐茶坊,'茶馆|华阳',人均,条评价
清河茶铺,'茶馆|华阳',人均,条评价
九号茶楼,'茶馆|双流机场',人均,条评价
牧天露茶府,'茶馆|天府新区',人均,条评价
喜号茶舍,'茶馆|东升镇',人均,条评价
融记茗居茶坊,'茶馆|东升镇',人均,条评价
朋聚茶楼,'茶馆|华阳',人均,条评价
聚友茶坊,'茶馆|华阳',人均,条评价
众品茶楼,'茶馆|四川大学江安校区',人均,'2'条评价
新金国,'茶馆|东升镇',人均,条评价
雪域茶府,'茶馆|东升镇',人均,条评价
水之湄茶坊,'茶馆|华阳',人均,条评价
益嘉茶楼(远大・林语城3期东),'茶馆|城南优品道广场',人均,条评价
蓉城聚茶庄,'茶馆|东升镇',人均,条评价
星期天大茶楼,'茶馆|华阳',人均,条评价
茗香居茶楼,'茶馆|华阳',人均,条评价
鸿运茶楼,'茶馆|东升镇',人均,'2'条评价
港逸茶楼,'茶馆|四川现代职业学院',人均,条评价
土生茶楼,'茶馆|双流区其他',人均,条评价
地源茶坊,'茶馆|天府新区',人均,条评价
福星茶馆(新富街店),'茶馆|川师大菊园一条路',人均,条评价
吴记茶铺,'茶馆|双流区其他',人均,条评价
沁逸轩茶坊,'茶馆|东升镇',人均,条评价
花园茶馆,'茶馆|中和',人均,条评价
名苑茶庄,'茶馆|天府新区',人均,条评价
茗香阁,'茶馆|四川大学江安校区',人均,条评价
韵佳茶园,'茶馆|华阳',人均,条评价
江南茶语(文星大道店),'茶馆|双流机场',人均,条评价
尚鼎茶府,'茶馆|东升镇',人均,条评价
会友茶府,'茶馆|双流机场',人均,条评价
怡心茶坊(府滨北路店),'茶馆|中和',人均,条评价
水云湾茶坊,'茶馆|东升镇',人均,'4'条评价
望江茶坊(长冶路四段店),'茶馆|东升镇',人均,条评价
盛世茶府,'茶馆|天府新区',人均,条评价
水木茶府,'茶馆|华阳',人均,'3'条评价
兰草茶园,'茶馆|双流区其他',人均,条评价
空港茶府,'茶馆|航空港',人均,条评价
静和茶道,'茶馆|双流区其他',人均,条评价
佳和茶楼,'茶馆|华阳',人均,条评价
拐子茶坊,'茶馆|双流区其他',人均,条评价
锦轩阁茶楼,'茶馆|东升镇',人均,条评价
顺鑫茶楼,'茶馆|东升镇',人均,条评价
廊桥茶楼,'茶馆|天府新区',人均,条评价
盛贤茶府,'茶馆|东升镇',人均,条评价
伴茶人生茶楼,'茶馆|中和',人均,条评价
汇园茶楼,'茶馆|东升镇',人均,条评价
蓉和茶楼,'茶馆|川师大菊园一条路',人均,条评价
海盗鹰茶坊,'茶馆|华阳',人均,条评价
八方茶楼,'茶馆|华阳',人均,条评价
陶然居,'茶馆|双流区其他',人均,条评价
休闲茶楼,'茶馆|华阳',人均,条评价
张二哥茶楼,'茶馆|城南优品道广场',人均,条评价
鸿韵茶楼(月星路店),'茶馆|双流机场',人均,条评价
中一茶坊,'茶馆|华阳',人均,条评价
五虎将天科茶府,'茶馆|双流区其他',人均,条评价
o界茶楼,'茶馆|东升镇',人均,条评价
隔壁子茶坊,'茶馆|双流区其他',人均,条评价
锦溪・壹号茶馆,'茶馆|东升镇',人均,条评价
广益茶馆,'茶馆|华阳',人均,条评价
怡韵茶府,'茶馆|华阳',人均,条评价
顺旭茶铺,'茶馆|华阳',人均,条评价
白家堰茶楼,'茶馆|蛟龙港/海滨城',人均,条评价
小赵茶铺,'茶馆|航空港',人均,条评价
c四方茶坊,'茶馆|双流机场',人均,条评价
双流超女茶铺,'茶馆|东升镇',人均,条评价
嗨job,'茶馆|中和',人均,'3'条评价
和韵茶坊,'茶馆|东升镇',人均,条评价
茗溪坝坝茶,'茶馆|双流机场',人均,条评价
风云轩茶楼,'茶馆|东升镇',人均,条评价
茗福缘,'茶馆|东升镇',人均,条评价
王姐茶楼,'茶馆|东升镇',人均,条评价
众茗阁茶楼,'茶馆|蛟龙港/海滨城',人均,'5'条评价
茗香阁,'茶馆|航空港',人均,条评价
红雨茶坊,'茶馆|天府新区',人均,条评价
春溢茶楼,'茶馆|华阳',人均,条评价
趣茶茶艺馆,'茶馆|天府新区',人均,'5'条评价
益明茶坊,'茶馆|天府新区',人均,条评价
涤尘茶舍,'茶馆|华阳',人均,'2'条评价
佳友茶楼,'茶馆|东升镇',人均,条评价
尖山曹大娘茶馆,'茶馆|双流区其他',人均,条评价
盛瑞大茶楼,'茶馆|航空港',人均,条评价
庆运茶楼,'茶馆|双流区其他',人均,条评价
天天茶艺(府滨北路店),'茶馆|中和',人均,条评价
三缺一茶坊,'茶馆|中和',人均,条评价
杏园春茶坊,'茶馆|华阳',人均,条评价
鼎尚茶府,'茶馆|双流区其他',人均,条评价
同森茶坊,'茶馆|华阳',人均,条评价
亿家茶楼(航空港大成郡店),'茶馆|航空港',人均,'4'条评价
无名茶楼(长江东一街店),'茶馆|天府新区',人均,条评价
悦来银杏座,'茶馆|中和',人均,'3'条评价
四海茶府,'茶馆|益州国际广场',人均,条评价
宜城茶庄,'茶馆|双流区其他',人均,'3'条评价
m茗飘香,'茶馆|航空港',人均,条评价
瑞丰茶坊(政府街店),'茶馆|华阳',人均,条评价
明雅茶坊,'茶馆|双流区其他',人均,条评价
港湾茶楼,'茶馆|蛟龙港/海滨城',人均,条评价
正洋茶馆,'茶馆|华阳',人均,条评价
清和茶坊,'茶馆|华阳',人均,条评价
颐悦茶坊,'茶馆|华阳',人均,条评价
新阳茶坊,'茶馆|华阳',人均,条评价
周二哥茶馆,'茶馆|四川大学江安校区',人均,条评价
十里茶香,'茶馆|四川现代职业学院',人均,条评价
悦韵品香茶楼,'茶馆|华阳',人均,条评价
沁园壹品茶楼,'茶馆|东升镇',人均,条评价
聚友茶馆,'茶馆|华阳',人均,条评价
四季茶楼,'茶馆|双流区其他',人均,条评价
茗缘茶坊,'茶馆|航空港',人均,条评价
彭家大院坝坝茶,'茶馆|东升镇',人均,条评价
川府金茗,'茶馆|东升镇',人均,条评价
广都忆品,'茶馆|东升镇',人均,条评价
聚铭阁茶楼,'茶馆|东升镇',人均,条评价
锦茗轩茶坊,'茶馆|四川大学江安校区',人均,条评价
锦熹,'茶馆|华阳',人均,'2'条评价
茶语茶香,'茶馆|东升镇',人均,条评价
水云涧茶楼,'茶馆|华阳',人均,条评价
八f茶楼,'茶馆|航空港',人均,条评价
半夜鸡叫茶坊,'茶馆|东升镇',人均,条评价
川东王茶楼,'茶馆|中和',人均,条评价
鑫悦茶坊,'茶馆|航空港',人均,条评价
四方茶园,'茶馆|双流区其他',人均,条评价
锦绣缘茶楼,'茶馆|东升镇',人均,'3'条评价
58号茶坊,'茶馆|四川大学江安校区',人均,条评价
强哥茶坊,'茶馆|东升镇',人均,条评价
鸿运茶府,'茶馆|双流区其他',人均,条评价
至善生活馆,'茶馆|天府新区',人均,'6'条评价
1818茶社,'茶馆|航空港',人均,'2'条评价
聚源茶坊,'茶馆|天府新区',人均,条评价
史大姐茶坊,'茶馆|益州国际广场',人均,条评价
聚缘茶府(中和大道三段),'茶馆|中和',人均,条评价
天茗阁,'茶馆|中和',人均,条评价
紫兰轩茶庄,'茶馆|华阳',人均,条评价
青青茶楼(青云寺村),'茶馆|华阳',人均,条评价
御茗源茶府,'茶馆|双流万达',人均,'2'条评价
海棠壹号茶吧,'茶馆|东升镇',人均,'2'条评价
